{
  "model": "RandomForestClassifier",
  "train_rows": 95511,
  "test_rows": 23878,
  "feature_count": 244,
  "accuracy": 0.8446268531702823,
  "precision": 0.8075955433089733,
  "recall": 0.7621254946297343,
  "f1": 0.7842019543973942,
  "confusion_matrix": [
    [
      13427,
      1606
    ],
    [
      2104,
      6741
    ]
  ],
  "classification_report": {
    "0": {
      "precision": 0.8645290065031228,
      "recall": 0.8931683629348766,
      "f1-score": 0.8786153644810889,
      "support": 15033.0
    },
    "1": {
      "precision": 0.8075955433089733,
      "recall": 0.7621254946297343,
      "f1-score": 0.7842019543973942,
      "support": 8845.0
    },
    "accuracy": 0.8446268531702823,
    "macro avg": {
      "precision": 0.836062274906048,
      "recall": 0.8276469287823054,
      "f1-score": 0.8314086594392416,
      "support": 23878.0
    },
    "weighted avg": {
      "precision": 0.8434394478318669,
      "recall": 0.8446268531702823,
      "f1-score": 0.8436423092758673,
      "support": 23878.0
    }
  },
  "positive_probability_sample": [
    0.4791787954284659,
    0.426422187558181,
    0.6997545386675446,
    0.46320566144585246,
    0.3873999765752989,
    0.9625404302412462,
    0.9887626120979539,
    0.5995420633205016,
    0.16122782988592724,
    0.11055222624488807
  ]
}